B1_mean,B2_mean,B3_mean,B4_mean,B5_mean,B6_mean,B7_mean,B8_mean,B8A_mean,B9_mean,B10_mean,B11_mean,B12_mean,EVI,GNDVI,NDVI,Year,Field´
1375.62666666667,1147.752,1134.59466666667,1050.384,1394.25866666667,2398.68,2777.91733333333,2683.03733333333,2966.78933333333,1042.97866666667,32.92,1939.45333333333,1343.21866666667,0.395615951816241,0.401007515668869,0.433097600062688,2017,ARRA 15 CR
1378.936,1145.38666666667,1158.26666666667,991.245333333333,1410.64266666667,2784.54666666667,3319.352,3265.048,3561.25866666667,1245.24,28.832,2074.60266666667,1350.44,0.529576066573461,0.473114263693492,0.534750097751617,2018,ARRA 15 CR
1328.66666666667,1036.77866666667,1066.66133333333,897.581333333333,1333.06666666667,2751.23466666667,3308.82666666667,3267.232,3566.28533333333,1187.864,12.136,2067.016,1313.56533333333,0.537418953061104,0.478364105383555,0.534430432955424,2019,ARRA 15 CR
1252.264,956.682666666667,1002.87733333333,740.589333333333,1238.61333333333,3008.31466666667,3708.264,3694.264,4030.61066666667,1380.02666666667,13.328,1934.56533333333,1053.39733333333,0.674882632335027,0.564400827725728,0.655738115469615,2020,ARRA 15 CR
1300.16533333333,1026.384,1042.128,906.632,1315.64,2641.05866666667,3192.68266666667,3169.984,3511.61866666667,1183.52266666667,12.808,2183.50933333333,1342.26666666667,0.520010555386543,0.489435154914856,0.53756574177742,2021,ARRA 15 CR
1300.11888111888,1000.48601398601,1041.98601398601,700.65034965035,1312.7027972028,3293.52447552448,3997.8951048951,3925.92657342657,4258.44405594406,1313.59090909091,30.6993006993007,1820.33566433566,955.786713286713,0.755367738800449,0.571498670882278,0.686543881997362,2017,CRIMSON 04
1307.75174825175,1026.54545454545,1063.18181818182,764.087412587413,1339.74475524476,3202.03146853147,3875.11888111888,3829.38461538462,4134.59090909091,1336.3951048951,25.0664335664336,1961.65734265734,1097.16083916084,0.698654596726378,0.546721038597447,0.646902447918078,2018,CRIMSON 04
1302.46153846154,971.458041958042,991.122377622378,762.318181818182,1273.53146853147,2921.55244755245,3555.58041958042,3535.91608391608,3848.80769230769,1267.63986013986,12.0104895104895,2064.26223776224,1192.15734265734,0.631199555901381,0.532891147411787,0.609186213229086,2019,CRIMSON 04
1265.17132867133,935.307692307692,973.101398601399,677.863636363636,1234.93356643357,3147.73076923077,3888.12237762238,3859.59440559441,4172.71328671329,1411.40909090909,15.3916083916084,1865.79370629371,965.286713286713,0.724623347912635,0.584988991072128,0.686164694336744,2020,CRIMSON 04
1346.06293706294,1041.9020979021,1043.93706293706,874.258741258741,1327.6958041958,2693.74825174825,3227.7027972028,3195.17482517483,3514.6013986014,1201.56643356643,14.7377622377622,2078.02447552448,1244.99300699301,0.5453909507373,0.493219516181446,0.554734368632723,2021,CRIMSON 04
1247.16131191432,976.692771084337,1013.94645247657,654.417670682731,1262.93775100402,3348.27576974565,4087.52074966533,3976.93507362784,4355.81124497992,1380.5562248996,31.2128514056225,1775.42637215529,877.10374832664,0.779165441033192,0.582934074532714,0.70473234662649,2017,CRIMSON 99-00
1288.29049531459,1020.61311914324,1056.64658634538,744.663989290495,1313.89625167336,3236.38219544846,3930.77643908969,3870.43574297189,4204.27777777778,1399.93975903614,23.6017402945114,1953.92302543507,1057.31459170013,0.713202806820512,0.555720668520474,0.661599745353063,2018,CRIMSON 99-00
1227.56626506024,954.265060240964,966.25234270415,745.470548862115,1228.71954484605,2823.75903614458,3430.89156626506,3405.79116465863,3731.0234270415,1257.05354752343,12.0515394912985,2078.26639892905,1194.82931726908,0.609946091112044,0.526213980722459,0.60116705996604,2019,CRIMSON 99-00
1208.39357429719,930.718875502008,954.101070950469,685.091030789826,1194.72489959839,3015.97590361446,3725.33065595716,3695.54819277108,4020.23694779116,1373.88353413655,17.2456492637216,1882.99665327979,995.708835341365,0.689549807593765,0.570985227005389,0.664418034006155,2020,CRIMSON 99-00
1285.4297188755,1036.89825970549,1029.5655957162,852.558232931727,1278.09772423025,2651.0187416332,3184.52677376171,3155.15997322624,3469.69477911647,1167.30053547523,14.4250334672021,2035.49866131191,1216.46586345382,0.546040801039661,0.491442844989788,0.556091650422797,2021,CRIMSON 99-00
1335.16417910448,1041.46268656716,1013.30597014925,806.343283582089,1227.9552238806,2719.68656716418,3337.13432835821,3235.57462686567,3588.11194029851,1102.33582089552,16.9701492537313,1821.62686567164,1080.42537313433,0.593669650269978,0.513821797362014,0.590559515490461,2017,INIAGRAPE ONE 14
1342.61940298507,1093.41791044776,1064.88059701493,972.126865671642,1335.15671641791,2499.87313432836,3013.20149253731,2980.90298507463,3304.02985074627,1181.9552238806,21.4626865671642,2188.29104477612,1431.01492537313,0.46962422088011,0.46029178397869,0.494514492465489,2018,INIAGRAPE ONE 14
1302.38059701493,1050.14179104478,1013.22388059701,976.141791044776,1284.52985074627,2227.5,2671.0447761194,2687.00746268657,2969.32089552239,999.850746268657,11.9253731343284,2265.82835820896,1536.38805970149,0.40071743504325,0.433575293688632,0.447109209735002,2019,INIAGRAPE ONE 14
1244.19402985075,942.410447761194,939.291044776119,738.850746268657,1173.07462686567,2815.47014925373,3557.9328358209,3567.71641791045,3862.14925373134,1222.35074626866,14.4925373134328,1911.09701492537,1090.63432835821,0.646522399872097,0.56874017461912,0.639973378003533,2020,INIAGRAPE ONE 14
1269.5671641791,1010.85074626866,985.067164179104,890.888059701493,1251.19402985075,2486.70895522388,3077.23134328358,3086.99253731343,3407.79850746269,1098.9776119403,12.7761194029851,2155.55970149254,1344.07462686567,0.509217193322395,0.492499785636788,0.526527414570994,2021,INIAGRAPE ONE 14
1482.73641304348,1348.34782608696,1338.83423913043,1485.16032608696,1700.27989130435,2291.46467391304,2575.94293478261,2480.86956521739,2769.53260869565,941.788043478261,21.125,2333.14673913043,1804.29076086957,0.222419281652116,0.297328855194475,0.250312762739866,2017,INIAGRAPE ONE 15
1453.22826086957,1279.3152173913,1249.5625,1295.16847826087,1564.81793478261,2309.85054347826,2639.57608695652,2591.47282608696,2864.72826086957,1086.20652173913,25.6711956521739,2346.22282608696,1742.38315217391,0.300609520798468,0.354493168466117,0.340251910054813,2018,INIAGRAPE ONE 15
1248.4347826087,1009.23369565217,980.220108695652,859.192934782609,1198.1875,2432.07336956522,2960.22010869565,2913.22282608696,3190.82336956522,1091.25543478261,12.1630434782609,1902.66847826087,1242.55163043478,0.484852795732086,0.469178736614792,0.514502568129936,2019,INIAGRAPE ONE 15
1178.33152173913,929.317934782609,922.959239130435,710.211956521739,1131.23097826087,2802.63315217391,3548.79619565217,3525.125,3850.63858695652,1312.65760869565,13.3641304347826,1837.92663043478,1015.25815217391,0.652307798559575,0.574867368554292,0.653040011615857,2020,INIAGRAPE ONE 15
1232.69565217391,986.241847826087,958.326086956522,844.410326086957,1199.42663043478,2514.10869565217,3144.33695652174,3124.05163043478,3451.55434782609,1150.88315217391,12.9375,2016.95652173913,1241.3777173913,0.530104553934349,0.505262948572636,0.546336076262852,2021,INIAGRAPE ONE 15
1322.06007751938,1079.05426356589,1067.94573643411,900.978682170543,1308.58914728682,2662.66666666667,3216.19573643411,3155.03294573643,3509.95736434109,1175.44379844961,32.8217054263566,2090.82364341085,1299.8488372093,0.53764719983866,0.476910398334496,0.535122517929521,2017,SABLE 14
1312.96124031008,1083.38953488372,1100.67248062016,903.261627906977,1353.75387596899,2897.48837209302,3539.72674418605,3500.26550387597,3847.45930232558,1314.18217054264,31.0949612403101,2199.66085271318,1351.66860465116,0.58876936969369,0.500396177634712,0.564967081759327,2018,SABLE 14
2116.18798449612,2154.18217054264,2103.61046511628,1956.96705426357,2156.42441860465,3183.04651162791,3674.07945736434,3604.08139534884,3914.25581395349,1303.58914728682,12.2558139534884,2390.72674418605,1342.68798449612,0.436376067730345,0.251931224364874,0.28162650221078,2019,SABLE 14
2008.86821705426,2102.3023255814,2112.3992248062,1974.46899224806,2213.40697674419,3565.31976744186,4208.18798449612,4145.27713178295,4473.6492248062,1511.27131782946,13.7848837209302,2251.63178294574,1154.52325581395,0.524912788713163,0.321723088824241,0.351540551282639,2020,SABLE 14
1908.89147286822,1977.35658914729,1972.41860465116,1895.72868217054,2100.45348837209,3100.9515503876,3583.13759689922,3522.3003875969,3847.21899224806,1264.13178294574,12.9864341085271,2324.21124031008,1302.68217054264,0.398306586945704,0.273436003068621,0.291303085293188,2021,SABLE 14
1466.27710843373,1346.84337349398,1324.859437751,1493.74698795181,1638.4297188755,2071.43775100402,2297.21285140562,2168.73493975904,2429.12048192771,950.887550200803,31.4698795180723,2085.75502008032,1720.35742971888,0.153897606524598,0.239406629379495,0.182939303507767,2017,SABLE 16
1454.09236947791,1310.23694779116,1306.8875502008,1335.21686746988,1611.67871485944,2448.79116465863,2806.78714859438,2716.78313253012,3001.56626506024,1137.14859437751,33.2128514056225,2247.66666666667,1684.71084337349,0.317276430536944,0.351473472683305,0.345203861175292,2018,SABLE 16
1412.83534136546,1101.25702811245,1100.98795180723,1024.32931726908,1369.32530120482,2501.30522088353,2991.24497991968,2932.46987951807,3244.66666666667,1159.42168674699,12.4056224899598,2151.06425702811,1450.85542168675,0.435213965823851,0.422267351404251,0.4459038918995,2019,SABLE 16
1309.4297188755,984.642570281124,1022.06425702811,801.582329317269,1278.04417670683,3063.49799196787,3842.89558232932,3828.65060240964,4183.76305220884,1446.55823293173,13.3975903614458,2057.17269076305,1126.39357429719,0.673838117515227,0.567633326273845,0.640391848891614,2020,SABLE 16
1332.40963855422,1029.60240963855,1072.16064257028,892.064257028112,1362.97991967871,3012.67469879518,3721.93172690763,3700.98795180723,4059.34939759036,1312.28915662651,13.6345381526104,2247.07228915663,1320.58232931727,0.617395256657198,0.525751716999644,0.581117784282769,2021,SABLE 16
1228.68470790378,957.322164948454,962.285223367698,628.676116838488,1135.93728522337,3094.94845360825,3834.97422680412,3715.07731958763,4091.28780068729,1324.16408934708,32.5515463917526,1663.10910652921,830.857388316151,0.742982713908879,0.579211210108705,0.699569361956464,2017,THOMPSON 00
1492.61941580756,1422.64261168385,1428.23109965636,1146.80154639175,1543.88573883162,3213.71048109966,3966.4441580756,3900.95189003436,4227.04810996564,1377.26374570447,21.6615120274914,1879.81872852234,982.731099656357,0.666665655794422,0.45079081026754,0.532492676295366,2018,THOMPSON 00
1487.69845360825,1406.63402061856,1403.78694158076,1182.05498281787,1542.5910652921,3024.6116838488,3708.75859106529,3664.88058419244,3999.55240549828,1304.43728522337,11.6701030927835,1946.68728522337,1005.16494845361,0.599370707504938,0.426600388414467,0.489276693807435,2019,THOMPSON 00
1566.85395189003,1489.02920962199,1477.37542955326,1309.58333333333,1618.76030927835,3048.68556701031,3734.27920962199,3705.5970790378,4028.68728522337,1373.03006872852,17.4647766323024,1986.14347079038,1053.11254295533,0.572610990288331,0.422390023457635,0.46922806998606,2020,THOMPSON 00
1216.49484536082,967.602233676976,957.785223367698,768.827319587629,1167.5352233677,2495.94673539519,3046.62714776632,3023.0910652921,3348.51718213058,1129.0704467354,13.1554982817869,1881.36597938144,1087.83934707904,0.543530579899595,0.504502131971707,0.577966202140059,2021,THOMPSON 00
1243.86924939467,966.605326876513,967.433414043584,654.90799031477,1145.67312348668,2991.52542372881,3693.54721549637,3605.15738498789,3938.03389830508,1250.799031477,30.7046004842615,1654.1210653753,868.048426150121,0.711311051834005,0.564627561528804,0.677959137115871,2017,THOMPSON 07
1301.11622276029,1051.60532687651,1047.21307506053,794.786924939467,1235.76271186441,2885.21549636804,3533.94673123487,3500.51573849879,3771.51089588378,1266.37530266344,39.0338983050847,1826.00726392252,1074.49152542373,0.633746139362418,0.525434618206925,0.617079289932228,2018,THOMPSON 07
1748.2784503632,1792.10169491525,1736.92978208232,1437.22760290557,1742.95157384988,3060.15012106538,3673.6803874092,3653.46246973366,3963.92736077482,1258.17433414044,11.4043583535109,1914.17917675545,998.588377723971,0.609918497304362,0.333917976508129,0.410869851239368,2019,THOMPSON 07
1775.20823244552,1750.99757869249,1724.52542372881,1478.43341404358,1797.64648910412,3342.75060532688,4106.59564164649,4130.93462469734,4457.58595641646,1444.96368038741,13.0484261501211,2039.91041162228,1041.66343825666,0.667873693941292,0.405372856459952,0.466257585235138,2020,THOMPSON 07
1806.30024213075,1748.03389830508,1684.89104116223,1505.56900726392,1743.63196125908,2836.00726392252,3375.98789346247,3363.15496368039,3671.42615012107,1183.4406779661,12.0871670702179,1994.30266343826,1088.68523002421,0.493148122226355,0.320134145728612,0.367512107761374,2021,THOMPSON 07
1241.50469483568,978.392018779343,974.68779342723,681.018779342723,1161.26525821596,2954.33098591549,3651.20892018779,3554.83802816901,3911.13615023474,1244.9882629108,26.3450704225352,1730.46948356808,917.737089201878,0.696388471084581,0.562367223657912,0.669452285332859,2017,THOMPSON 08
1253.61737089202,1001.98591549296,995.234741784038,759.678403755869,1192.75352112676,2759.00938967136,3374.5234741784,3321.17840375587,3628.30985915493,1245.12910798122,24.6431924882629,1863.96478873239,1095.48122065728,0.606489237205523,0.521572635976921,0.608700690205108,2018,THOMPSON 08
1676.65727699531,2087.03990610329,2240.19483568075,1909.02816901408,2190.60563380282,3355.72300469484,3907.9014084507,3861.71361502347,4162.59154929577,1300.94600938967,11.7136150234742,2112.71596244131,1088.00234741784,0.499359732607441,0.254671595116177,0.324320726166589,2019,THOMPSON 08
1855.23004694836,2108.16666666667,2178.79812206573,1953.66901408451,2218.5,3503.66666666667,4173.56338028169,4167.40375586854,4491.41784037559,1453.91079812207,13.537558685446,2200.15962441315,1119.41784037559,0.548113082985923,0.311296290425068,0.358636460183932,2020,THOMPSON 08
1925.99061032864,2054.66901408451,2049.24178403756,1894.01877934272,2109.779342723,3054.42723004695,3549.50938967136,3520.95539906103,3832.87323943662,1232.74647887324,12.6478873239437,2193.33802816901,1192.93427230047,0.427520489573759,0.258315469142697,0.293040715053048,2021,THOMPSON 08
1221.01707097934,952.400718778077,950.125786163522,626.856244384546,1120.12848158131,2988.82839173405,3692.21563342318,3592.44564240791,3947.95327942498,1259.32345013477,28.0413297394429,1655.10961365678,839.059299191375,0.720748817369087,0.571501383080958,0.690603732152341,2017,THOMPSON 96
1259.14465408805,995.788858939802,993.195867026056,725.985624438455,1176.87780772686,2853.55795148248,3512.54627133872,3459.80862533693,3767.0269541779,1275.25696316262,27.8508535489668,1809.74663072776,1030.88769092543,0.645220320742085,0.536823338361228,0.636027534454659,2018,THOMPSON 96
1824.5516621743,1892.77538185085,1847.15633423181,1539.50584007188,1846.95507637017,3166.88858939802,3761.52830188679,3716.98742138365,4031.73495058401,1310.25965858041,11.3315363881402,1971.0251572327,1000.22461814915,0.60851873737247,0.321456553091472,0.397798279814107,2019,THOMPSON 96
1873.98382749326,1882.11949685535,1850.32704402516,1624.96855345912,1913.39892183288,3306.64420485175,3973.20395327943,3958.3432165319,4281.69362084456,1431.24528301887,13.0467205750225,2053.66666666667,1046.15004492363,0.605322943007957,0.360061405402309,0.414559490623928,2020,THOMPSON 96
1913.22282120395,1890.54627133872,1825.98203054807,1675.83288409704,1889.22461814915,2848.52470799641,3314.5516621743,3267.07277628032,3573.96585804133,1188.95777178796,12.1401617250674,2054.55525606469,1134.7619047619,0.430746272192918,0.276199271402055,0.314418041253561,2021,THOMPSON 96
1367.80980392157,1146.75098039216,1130.36274509804,1040.1568627451,1392.23137254902,2482.72745098039,2890.81568627451,2815.76666666667,3095.04509803922,1077.96470588235,30.856862745098,2005.42745098039,1374.14901960784,0.428071371334441,0.418688299609166,0.452339779337247,2017,TIMCO 14 CR
1330.17058823529,1078.36666666667,1067.0862745098,897.950980392157,1307.31960784314,2806.7568627451,3410.62745098039,3375.97254901961,3670.33529411765,1257.16666666667,22.1960784313725,2038.38431372549,1272.15098039216,0.574636955237856,0.505829322922464,0.565990748738541,2018,TIMCO 14 CR
1243.26078431373,991.764705882353,976.1,816.878431372549,1195.69607843137,2659.89019607843,3273.12156862745,3237.52549019608,3511.37647058824,1177.12941176471,11.8607843137255,1945.96274509804,1228.65490196078,0.556921172784824,0.501011778852519,0.556331345877227,2019,TIMCO 14 CR
1197.28823529412,932.709803921569,927.996078431373,696.833333333333,1130.57450980392,2910.17843137255,3670.87254901961,3664.85490196078,3951.39411764706,1341.01960784314,17.3019607843137,1844.91568627451,1023.17647058824,0.680555996357226,0.576745866268289,0.658631237289485,2020,TIMCO 14 CR
1354.23333333333,1116.46274509804,1093.93529411765,963.243137254902,1338.48431372549,2736.70588235294,3335.02941176471,3328.26666666667,3633.76470588235,1237.09019607843,16.8490196078431,2180.56274509804,1356.57843137255,0.550722516313487,0.499442131846559,0.548440895419495,2021,TIMCO 14 CR
